{"v": [-64.37205013452385, -15.688881886093032, -76.60442511120569, -66.69714967956591, -15.496106745672371, -66.60904487304758, -52.49762819805936, -63.10039205134744, -67.3541728641311, -71.45663084887471, -58.730703762274786, -69.90759546334698, -77.86969209436666, -71.2202437583594, -46.68294146102783, -64.51949979387916, 2.4679279234331517, -70.68800086901099, -63.00668929638584, -65.21247724700603, -61.22479509867678, -59.09577673952196, -68.3022638739442, -61.383722497625044, -71.18249899164759, -58.29248218387071, -65.35534971445509, -64.6512338484711, -53.55202811957772, -67.92572114659032, -61.889980578034624, -69.89625796363268, -68.64881476844262, -73.26506880714273, -70.55337795926177, -74.05179709956975, -68.20197152008934, -43.14447780244531, -72.23038314109354, -72.44457802703299, -66.74601667398458, -53.853324149187685, -52.176768386373475, -63.77681776160916, -72.81888677594915, -70.23695892510294, -66.64174327840294, -69.21828805406588, -63.28693328762582, -11.757791570591312, -63.48031601552158, -60.68053099143056, -68.02201407142122, -49.344456926624694, -67.23225874665464, -66.61516982058812, -45.96848475966728, -53.40819691945167, -39.53633233073907, -72.27736879569822, -65.52579615208803, -61.84866364729302, -61.200781716378465, -76.29164398009311, -69.32224495894737, -69.67171967947937, -75.03358092368954, -68.31362850694867, -68.88643777941999, -43.27388782950708, -68.24499458129283, -75.96576734162544, -62.106178178719176, -71.16588472370172, -78.66054827074227, -72.55780392069735, -44.40042421364176, -58.99468275317205, -43.38138063002875, -62.22527295305981, -62.3287740105133, -52.54855314420393, -64.58894167998565, -66.9064926970844, -74.64075086795216, -72.39465077538635, -69.34799164905644, -70.92184227242723, -70.84864534037784, -66.86606345954175, -71.42041262893284, -55.558635320846285, -58.07952086749058, -68.05135157148247, -61.72325316647399, -68.04107114777786, -77.75035692849646, -70.22961646276305, -63.45695259709482, -55.99412918040789], "u": [-15.848475006368648, -16.420706529973277, -15.605526625475754, -14.730813616082921, -14.738540228304043, -15.037947996749342, -15.580092503746457, -14.558733766157363, -14.756847802059067, -14.824656219674937, -15.88688023321436, -15.026476714177539, -15.577910263653244, -15.471587701738521, -15.61419810592505, -15.210984146995312, -14.475116931984903, -14.76120955497494, -13.93170324637733, -15.403591066702118, -15.371354738152883, -16.017495474882487, -14.716162050830233, -15.451960478801809, -15.171847068121671, -14.937755481813996, -14.766761092194114, -14.995352741488698, -15.797517728928627, -15.849310424267545, -14.506944495434432, -14.685515172620509, -15.806955614880588, -15.269126546415075, -15.519901109400045, -15.104096814148201, -15.402462836918072, -15.86043851502694, -15.341239964825458, -15.75429305720058, -15.50692032324936, -15.582523291652047, -15.374595318280328, -15.48800885202301, -15.21349262049444, -14.917374484393468, -14.907927414448258, -15.030027152803154, -15.003787770548676, -15.73062178113789, -14.298430417126507, -15.388159293067156, -15.857985648478879, -15.001054209060053, -16.50564414884931, -14.427226442709241, -14.347367849757031, -16.069653310424478, -15.41292205234131, -15.811657646253948, -14.615012442013608, -14.883602636561713, -15.173692018809048, -15.060172463699512, -15.149078510871343, -15.683121801868465, -15.006778319614497, -14.873024542626844, -15.712316321950087, -14.785542897175464, -14.579673518409665, -15.368952983389939, -15.86998985693579, -15.254626269708496, -14.134622311602367, -15.131894387693675, -16.001546175444663, -15.443682476741394, -15.608802718030912, -15.509228138245525, -14.921539570230905, -15.819362758534771, -16.00721880116196, -15.938956300403925, -15.47764257004988, -15.786241671417, -14.355570254728827, -15.014276957550583, -15.492742522612584, -15.490818132571587, -15.506224188606376, -15.823485193726842, -14.815258634045644, -15.10632848472411, -16.027766833207114, -14.880866201912575, -14.069679678078339, -15.674794761189721, -15.67915373236652, -14.81885234972428], "energy": 1.0, "arousal": 0.03672461110161305}