{"v": [-65.63946460207028, -69.97356837265627, -49.43614762724257, -73.86530367908782, -76.00006894930324, -67.24611118211736, -67.50290561547132, -72.6149218381307, -70.64014189982419, -59.99884127720658, -72.63259375793328, -75.26406309453574, -80.07903885336121, -72.54462968175525, -61.21183766359505, -70.79012412805154, -73.90890611804359, -66.91629966774113, -71.32190324118227, -73.18936778580108, -57.949693045583345, -69.45900322721967, -69.61340542271735, -71.42564927286922, -72.66335572876038, -78.46158215528742, -74.96117610839975, -69.41936795608687, -66.83643234547111, -79.55313822792095, -73.88455026997367, -77.92507302645274, -67.81555646859415, -70.78378240466893, -59.756224423118525, -70.50792631237674, -81.78800865956927, -61.916514180442974, -65.71583761370543, -63.667002821507445, -76.17983410746497, -68.28166993225686, -72.56785593781903, -68.22373426930348, -67.01193531834993, -74.08061754857657, -66.68118985664547, -70.57814637630328, -66.18410884152334, -63.531808238448534, -74.31832403354517, -72.70136981330076, -76.93674191164071, -62.87560539849674, -63.03284226840911, -74.09342928960197, -76.37845663198439, -72.6731661325442, -72.76055664184942, -70.86197776454763, -72.88573488304702, -66.45143857284275, -70.4602425876038, -73.14140207186709, -75.34448064274042, -75.77623996477422, -70.49914635550863, -80.37118014499055, -61.94364089665116, -63.505246861487265, -78.97287602867961, -61.612842791876815, -74.93618254677097, -66.24795003572144, -68.81473691772311, -69.79627171773483, -68.66596208193477, -72.89425829668718, -59.968766432655, -74.93930119414986, -62.638002455530746, -76.18844333399804, -78.78376101867981, -71.24631849316181, -71.40463444946975, -69.51624159598977, -68.66162313932361, -75.02604283625382, -66.89958582183324, -72.90069182094408, -76.20026115383578, -67.42606098882348, -72.81738594061451, -59.22967415450456, -70.38741276102472, -68.60716763081155, -77.39926500511814, -76.80049241553984, -77.2039544956852, -48.06048741835521, -77.07855378459996, -75.65272257281529, -67.11723025499151, -77.60809401889914, -73.25438976401612, -70.76348956674636, -65.88763757449331, -55.60338731446681, -74.1744638607642, -73.96519810382995, -68.70737915773046, -53.08344488152244, -70.78938129036231, -69.0265827527564], "u": [-13.739146171399522, -13.76860940461683, -8.967012120838106, -12.893139008219146, -13.551140543212297, -13.52745312200029, -13.336148585427052, -13.526548363839744, -12.348774878637727, -13.535365537620892, -13.139872598147033, -14.060337353741515, -13.50155523947546, -11.127919048384566, -13.596236222985421, -13.665998853079415, -12.797176452376481, -13.599748304998295, -12.549779547979456, -13.55038354726236, -13.283521562532755, -13.878433243746924, -13.939172575192483, -14.261573696243849, -9.505170228177878, -9.209281489883292, -12.151495230719542, -13.019245070784331, -13.275167773757703, -10.96661964627757, -12.437426881914982, -11.822738952436888, -12.633198657416044, -11.528406713822754, -12.916459636203003, -13.347162750688037, -10.012671328785126, -13.59858790087891, -13.903366704221856, -13.521747872748879, -10.044618434732413, -13.970362158065646, -13.627442753531572, -12.839582008672876, -13.50711045907702, -13.346195719015656, -12.28139316055359, -13.945461420677862, -13.811587522917621, -12.469874871293815, -13.378541670470673, -9.428929349007229, -14.113185818981416, -12.257384333510805, -13.56084921308763, -13.336321219146019, -9.800924139423811, -13.357594376514296, -13.828933489198132, -14.041821394905403, -13.073710806675356, -13.188999897239102, -13.240001972229047, -13.3922644363967, -9.30954081149187, -9.704634804366359, -9.447097384490235, -11.627811306106729, -13.49260703175928, -12.53303591877858, -10.128834884555056, -13.959915914902787, -10.982906161320908, -12.657533111285893, -12.300976454638608, -14.023786074171484, -13.420885635538284, -11.712356274624723, -8.853018904791865, -12.99443394124879, -11.854315641690205, -11.39278154067614, -12.866363030201766, -13.27857931837144, -12.976855186931317, -12.405387249491845, -13.662357380455573, -13.425608697917403, -13.510442292328156, -13.422653623569193, -13.60733701458069, -14.112353168823029, -13.559739116847187, -13.216117464749406, -13.800725648279482, -13.018699982401866, -11.213192397803459, -11.56916849757035, -13.576568565830263, -13.581095461650051, -12.553173477776674, -13.700375902895328, -13.566525322718979, -13.723296996488878, -13.300547300707853, -10.115994563139383, -14.015720603402732, -13.627461882274565, -13.466683138895844, -10.117938966080334, -13.54051509714819, -8.732707335230739, -13.722319858188458, -13.308468173119405]}