{"v": [-76.38841554651003, -75.39956606588227, -76.68885316377737, -84.1581255714453, -62.157503866742935, -75.22765465116767, -73.83991701440777, -59.43099201460061, -64.28551804562886, -71.18832298505725, -74.05058364221408, -73.46801899696176, -75.32387057254444, -78.20112987640037, -64.5627112260528, -33.80844373389852, -70.08334329657522, -69.20914835390101, -74.95480969077322, -69.52913596235673, -78.28307886416123, -64.67277161118206, -67.8409691278371, -68.79807544176059, -70.89002729703257, -79.68811254064438, -70.5603652269583, -70.83861599936917, -74.33885181752902, -81.57386169840824, -75.95897030976687, -76.9168566800039, -64.69811408185332, -67.33460170572307, -55.5837934081944, -76.05885462554576, -76.52460903692719, -71.76161776866225, -52.00079521026258, -73.09956622402447, -68.54743024495649, -71.28218159647845, -68.91187740241979, -69.06620965118094, -78.73561167244637, -71.1822329987232, -69.29879419562157, -64.50471391782206, -70.46657211066766, -75.33772212484224, -66.08084491900094, -72.07601850354212, -70.59971449706526, -76.95531728284037, -66.27877796759546, -75.1152520365602, -76.08644582879168, -63.96512726461071, -70.1302437815787, -76.49637919274711, -73.73797856775059, -70.12449667374817, -48.37837934632679, -78.5434276588423, -80.44244395191504, -67.95769182595377, -69.82858491909104, -79.12780234756536, -65.54457970569693, -64.02581058926954, -72.39763576362294, -76.1947190584532, -49.847612268076176, -69.50251897445051, -65.5885696269185, -76.15119214216739, -73.04531795963105, -78.23393315682776, -67.69464767353524, -74.76674978561435, -68.03893263055541, -70.3055069281142, -74.99094499991645, -65.0169685986283, -67.83239117593448, -76.6713212118225, -72.53468561776603, -58.560657096091276, -73.44967319851965, -70.18754215823591, -69.06494790560498, -78.30765672522192, -72.69008458493107, -72.29420904598054, -76.15533228787618, -69.52338574990323, -69.1121433548483, -72.00451355295445, -66.5601359320477, -66.52432463976534], "u": [-9.2095772839538, -13.867409241513304, -13.440386697649423, -10.277170669429383, -10.79353752792292, -12.996390670376504, -13.548116017487349, -13.349301706890344, -14.127344682389738, -13.453414107999329, -7.961678289442395, -10.551289949697665, -9.91020922936386, -13.110740845284138, -13.588050550787628, -13.78801460507882, -13.678467769491133, -13.994534989852662, -7.577489574266667, -13.550568948769335, -13.485649433883736, -13.208291526409019, -13.25646695665316, -13.52026660330306, -12.761263239671374, -13.962223321257053, -12.540870395450007, -13.947015127540446, -7.2944841972860495, -5.348768684946235, -7.051886266793904, -6.885150695288634, -14.046990201521005, -13.045190177878785, -13.89694583517653, -8.551884237701351, -9.450638982713029, -13.671673813470328, -12.667806596492738, -14.159857180265403, -13.740788275996232, -9.018120561378874, -13.204589836037554, -13.764595847518244, -12.42365573404084, -12.799266707389238, -12.255935475565396, -13.85776919029048, -14.086722476894428, -13.242488570990027, -13.291219663947315, -6.77123398895075, -13.127995816562297, -8.244450795407035, -13.387549076111867, -9.434837138866003, -5.758931956301561, -13.57275786083375, -13.28450334092961, -8.43319154353402, -10.744343564615829, -12.409645137967624, -13.769176433096911, -8.780057160987724, -12.942647640539823, -12.953239771831726, -13.966417605207614, -7.289950940145449, -9.217859758065082, -12.761535968203523, -13.019290649781471, -9.936603347413476, -13.43340882356699, -13.64400255418151, -14.255107169250948, -12.60314222139328, -13.154922122649326, -12.654559713197454, -11.27143672608925, -13.797317378342653, -13.366498135818322, -13.114000125380478, -12.303528194074044, -13.217733383346015, -14.047871771164882, -7.918881756553476, -11.756938634827712, -13.290990539219735, -12.971181786671032, -11.248511214329133, -13.75736356401199, -8.282458038606098, -13.240439895761728, -11.705372202280651, -10.347862225997646, -13.158635699368196, -13.48677261101477, -13.592189526094517, -12.658438858026226, -13.551388983831648]}