{"v": [-56.49750181293247, -69.72880094402751, -11.167895870456665, -71.49829472132838, -70.96124682629245, -68.92750109500143, -69.57852436160124, -77.63692040899485, -78.13340152911114, -67.63197316477992, -68.67813167262537, -70.15669931177631, -58.51036695595076, -72.00195775444585, -68.13761516956812, -70.28083657808708, -48.602534061640384, -74.97088121421962, -64.1671242568282, -66.93735812838912, -71.564750911102, -80.46418739121867, -68.35453988225703, -75.05242600888863, -61.09447000898941, -63.48674315016178, -63.20492814307547, -72.69118803962574, -70.44771085632547, -64.85247004848273, -78.63317081637061, -71.84685161056063, -71.00345560859081, -63.318812847715655, -66.54329414729474, -68.43231206435547, -65.69832449796294, -76.83060954999314, -73.72837259170697, -76.12264102105766, -75.41888822288729, -74.31437010513235, -69.79024170376329, -63.536755825085024, -71.78415635510906, -66.36804354443939, -63.263831251913054, -68.08132750703143, -65.44582511542063, -75.97111184932626, -75.06645999788434, -71.14841462006814, -66.33450788634795, -72.17867922534955, -60.626522073174115, -73.48335703884315, -73.92539764994801, -80.61174966244873, -51.00585338240337, -72.22354549429915, -73.05293720652361, -63.105820405150446, -80.95217380599021, -69.33496250630257, -71.71542468995999, -56.59516474092283, -82.68432537305743, -72.51021784061118, -67.88534394436213, -67.5864759421191, -67.27921502946332, -67.9609300841264, -67.42889973541578, -75.79977725795295, -69.81909733582769, -65.30547588417387, -78.09257935464173, -76.07305099195459, -75.04370066835105, -69.3291842467878, -68.39389152918255, -77.12399642603776, -77.20233094592457, -73.72578735281996, -69.74229241406782, -71.77064721394775, -72.063810495424, -74.95005705603842, -69.78747035019056, -68.19078900444308, -58.57850569873916, -68.16237661112548, -76.26922746133825, -76.57139094928392, 4.295926674459004, -71.24967146416869, -77.65512263051383, -69.47016906580419, -68.2219520978827, -68.61493193266116], "u": [-12.78483676912282, -10.47534350029276, -12.7562217048536, -9.417870155588322, -12.313234375288344, -11.910096791827135, -13.21465863766829, -12.052760498472932, -9.778096040552231, -10.5305096797546, -10.604161964995066, -12.542562563992886, -12.174572366701499, -13.173381287433221, -12.084020758056592, -12.410357560635987, -11.386205199637553, -8.89400890886559, -13.20427224327736, -10.872775358169175, -13.421021672547951, -11.029156007929116, -10.080114902221352, -12.628461958663332, -13.121138640568905, -12.517635328052286, -11.382770750820454, -9.736148420000143, -12.843658685592725, -12.7912205006134, -12.146169704494255, -11.008035547042361, -10.353449560333004, -13.24501279546111, -12.438468018858897, -11.348916405511787, -8.168684842534308, -10.344558394994419, -11.170938518816849, -12.758858419049247, -13.041438328294847, -13.042569393252572, -13.15178747255462, -12.000901271093001, -12.940313570113481, -11.730686744367809, -13.247992962352987, -13.098314998819072, -11.116805944471057, -10.478603211502447, -10.092566917817019, -7.780865772698515, -11.930555186380579, -11.33563294635232, -13.469688408538078, -11.967848443295475, -10.167944482946776, -10.240929303051791, -12.32418112755888, -13.35811589682378, -12.901472675377843, -13.313098122820055, -12.13451631037732, -12.728555995441578, -12.503614286491395, -11.613407164643496, -11.282162557155793, -12.585266416523028, -8.065140113507969, -13.435109126518615, -13.028215707422468, -12.3897317299317, -11.959870631972413, -11.647346956134735, -13.291856648604881, -13.004870391386207, -12.223744732578975, -11.166265338553135, -12.524756072880445, -12.636036269947546, -12.860203260157295, -10.712639565615056, -9.890889515747892, -12.503533648750789, -11.896516344071506, -12.837336189268555, -10.939240789617877, -10.865564157803083, -11.187845640389893, -11.594403837844322, -13.148150551749723, -13.299639236276194, -11.191902310605354, -12.016020765984866, -13.51842601482531, -8.78017586110811, -9.920927420936676, -11.626212895089632, -10.539087205270544, -12.175486948795559], "working_memory": [0.32072964310646057, 0.39413216710090637, 0.18156062066555023, 0.5051108002662659, 0.29760614037513733, 0.28955528140068054, 0.37700122594833374, 0.454725056886673, 0.5256577134132385, 0.5835334658622742, 0.23170392215251923, 0.4497185945510864, 0.4211527407169342, 0.4871280789375305, 0.35835424065589905, 0.5103390216827393, 0.4676949381828308, 0.6113231182098389, 0.33783382177352905, 0.500498354434967, 0.34930551052093506, 0.5618312358856201, 0.48083430528640747, 0.30119583010673523, 0.585929811000824, 0.35929569602012634, 0.47376909852027893, 0.42639514803886414, 0.3066256046295166, 0.5310198664665222, 0.2728622257709503, 0.5668765902519226, 0.6210662126541138, 0.21255278587341309, 0.2724260985851288, 0.3992248475551605, 0.48369014263153076, 0.5700013637542725, 0.483426958322525, 0.41567590832710266, 0.24037356674671173, 0.48744550347328186, 0.23282665014266968, 0.5225206017494202, 0.22964675724506378, 0.26584160327911377, 0.4206816256046295, 0.2191092073917389, 0.4695720076560974, 0.43005502223968506, 0.33128535747528076, 0.6141380667686462, 0.4659310281276703, 0.4236409664154053, 0.08414299041032791, 0.3724367320537567, 0.4748881161212921, 0.4441944658756256, 0.17522653937339783, 0.19811902940273285, 0.251842737197876, 0.07595415413379669, 0.15510274469852448, 0.5604236125946045, 0.6032646894454956, 0.5747256278991699, 0.34306439757347107, 0.3357101380825043, 0.35392966866493225, 0.3266109526157379, 0.46216630935668945, 0.5291656851768494, 0.3066386580467224, 0.37480321526527405, 0.34472787380218506, 0.4725269377231598, 0.3044643998146057, 0.37449559569358826, 0.5487691760063171, 0.28510725498199463, 0.2588704526424408, 0.4797172546386719, 0.528429388999939, 0.29647326469421387, 0.486176073551178, 0.28385427594184875, 0.5497384667396545, 0.419979989528656, 0.39913445711135864, 0.5403154492378235, 0.18526451289653778, 0.3133050203323364, 0.28456583619117737, 0.4420672357082367, 0.37501078844070435, 0.7404520511627197, 0.5845050811767578, 0.3587222695350647, 0.4365740418434143, 0.42080873250961304]}